[2J[Hcda3dc291d9d	 0.45%	 24.86MiB / 200MiB
[2J[Hcda3dc291d9d	 0.54%	 24.86MiB / 200MiB
[2J[Hcda3dc291d9d	 0.54%	 24.86MiB / 200MiB
[2J[Hcda3dc291d9d	 0.70%	 24.86MiB / 200MiB
[2J[Hcda3dc291d9d	 0.70%	 24.86MiB / 200MiB
[2J[Hcda3dc291d9d	 1.83%	 24.86MiB / 200MiB
[2J[Hcda3dc291d9d	 1.83%	 24.86MiB / 200MiB
[2J[Hcda3dc291d9d	 0.47%	 24.86MiB / 200MiB
[2J[Hcda3dc291d9d	 0.47%	 24.86MiB / 200MiB
[2J[Hcda3dc291d9d	 0.55%	 24.86MiB / 200MiB
[2J[Hcda3dc291d9d	 0.55%	 24.86MiB / 200MiB
[2J[Hcda3dc291d9d	 0.48%	 24.86MiB / 200MiB
[2J[Hcda3dc291d9d	 0.48%	 24.86MiB / 200MiB
[2J[Hcda3dc291d9d	 0.48%	 24.86MiB / 200MiB
[2J[Hcda3dc291d9d	 94.84%	 27.69MiB / 200MiB
[2J[Hcda3dc291d9d	 94.84%	 27.69MiB / 200MiB
[2J[Hcda3dc291d9d	 92.12%	 27.92MiB / 200MiB
[2J[Hcda3dc291d9d	 92.12%	 27.92MiB / 200MiB
[2J[Hcda3dc291d9d	 79.65%	 27.9MiB / 200MiB
[2J[Hcda3dc291d9d	 79.65%	 27.9MiB / 200MiB
[2J[Hcda3dc291d9d	 80.22%	 27.65MiB / 200MiB
[2J[Hcda3dc291d9d	 80.22%	 27.65MiB / 200MiB
[2J[Hcda3dc291d9d	 97.46%	 28.63MiB / 200MiB
[2J[Hcda3dc291d9d	 97.46%	 28.63MiB / 200MiB
[2J[Hcda3dc291d9d	 103.45%	 28.86MiB / 200MiB
[2J[Hcda3dc291d9d	 103.45%	 28.86MiB / 200MiB
[2J[Hcda3dc291d9d	 84.86%	 28.64MiB / 200MiB
[2J[Hcda3dc291d9d	 84.86%	 28.64MiB / 200MiB
[2J[Hcda3dc291d9d	 77.68%	 28.75MiB / 200MiB
[2J[Hcda3dc291d9d	 77.68%	 28.75MiB / 200MiB
[2J[Hcda3dc291d9d	 66.43%	 29.03MiB / 200MiB
[2J[Hcda3dc291d9d	 66.43%	 29.03MiB / 200MiB
[2J[Hcda3dc291d9d	 93.00%	 28.78MiB / 200MiB
[2J[Hcda3dc291d9d	 93.00%	 28.78MiB / 200MiB
[2J[Hcda3dc291d9d	 86.66%	 28.99MiB / 200MiB
[2J[Hcda3dc291d9d	 86.66%	 28.99MiB / 200MiB
[2J[Hcda3dc291d9d	 82.55%	 29.04MiB / 200MiB
[2J[Hcda3dc291d9d	 82.55%	 29.04MiB / 200MiB
[2J[Hcda3dc291d9d	 88.35%	 29.12MiB / 200MiB
[2J[Hcda3dc291d9d	 88.35%	 29.12MiB / 200MiB
[2J[Hcda3dc291d9d	 112.17%	 29.09MiB / 200MiB
[2J[Hcda3dc291d9d	 112.17%	 29.09MiB / 200MiB
[2J[Hcda3dc291d9d	 94.79%	 29.14MiB / 200MiB
[2J[Hcda3dc291d9d	 94.79%	 29.14MiB / 200MiB
[2J[Hcda3dc291d9d	 98.14%	 29.24MiB / 200MiB
[2J[Hcda3dc291d9d	 98.14%	 29.24MiB / 200MiB
[2J[Hcda3dc291d9d	 80.44%	 29.36MiB / 200MiB
[2J[Hcda3dc291d9d	 80.44%	 29.36MiB / 200MiB
[2J[Hcda3dc291d9d	 94.85%	 29.13MiB / 200MiB
[2J[Hcda3dc291d9d	 94.85%	 29.13MiB / 200MiB
[2J[Hcda3dc291d9d	 103.16%	 29.15MiB / 200MiB
[2J[Hcda3dc291d9d	 103.16%	 29.15MiB / 200MiB
[2J[Hcda3dc291d9d	 98.85%	 29.12MiB / 200MiB
[2J[Hcda3dc291d9d	 98.85%	 29.12MiB / 200MiB
[2J[Hcda3dc291d9d	 89.12%	 29.39MiB / 200MiB
[2J[Hcda3dc291d9d	 89.12%	 29.39MiB / 200MiB
[2J[Hcda3dc291d9d	 113.10%	 29.27MiB / 200MiB
[2J[Hcda3dc291d9d	 113.10%	 29.27MiB / 200MiB
[2J[Hcda3dc291d9d	 89.40%	 29.16MiB / 200MiB
[2J[Hcda3dc291d9d	 89.40%	 29.16MiB / 200MiB
[2J[Hcda3dc291d9d	 89.71%	 29.12MiB / 200MiB
[2J[Hcda3dc291d9d	 89.71%	 29.12MiB / 200MiB
[2J[Hcda3dc291d9d	 81.71%	 29.51MiB / 200MiB
[2J[Hcda3dc291d9d	 81.71%	 29.51MiB / 200MiB
[2J[Hcda3dc291d9d	 88.48%	 29.15MiB / 200MiB
[2J[Hcda3dc291d9d	 88.48%	 29.15MiB / 200MiB
[2J[Hcda3dc291d9d	 91.02%	 29.32MiB / 200MiB
[2J[Hcda3dc291d9d	 91.02%	 29.32MiB / 200MiB
[2J[Hcda3dc291d9d	 86.68%	 29.44MiB / 200MiB
[2J[Hcda3dc291d9d	 86.68%	 29.44MiB / 200MiB
[2J[Hcda3dc291d9d	 92.78%	 29.41MiB / 200MiB
[2J[Hcda3dc291d9d	 92.78%	 29.41MiB / 200MiB
[2J[Hcda3dc291d9d	 91.19%	 29.49MiB / 200MiB
[2J[Hcda3dc291d9d	 91.19%	 29.49MiB / 200MiB
[2J[Hcda3dc291d9d	 15.31%	 29.41MiB / 200MiB
[2J[Hcda3dc291d9d	 15.31%	 29.41MiB / 200MiB
[2J[Hcda3dc291d9d	 2.21%	 29.41MiB / 200MiB
[2J[Hcda3dc291d9d	 2.21%	 29.41MiB / 200MiB
[2J[Hcda3dc291d9d	 0.44%	 29.41MiB / 200MiB
[2J[Hcda3dc291d9d	 0.44%	 29.41MiB / 200MiB
[2J[Hcda3dc291d9d	 0.47%	 29.41MiB / 200MiB
[2J[Hcda3dc291d9d	 0.47%	 29.41MiB / 200MiB
[2J[Hcda3dc291d9d	 0.64%	 29.41MiB / 200MiB
[2J[Hcda3dc291d9d	 0.64%	 29.41MiB / 200MiB
[2J[Hcda3dc291d9d	 0.87%	 29.41MiB / 200MiB
[2J[Hcda3dc291d9d	 0.87%	 29.41MiB / 200MiB
[2J[Hcda3dc291d9d	 1.87%	 29.41MiB / 200MiB
[2J[Hcda3dc291d9d	 1.87%	 29.41MiB / 200MiB
[2J[Hcda3dc291d9d	 0.52%	 29.41MiB / 200MiB
[2J[Hcda3dc291d9d	 0.52%	 29.41MiB / 200MiB
[2J[Hcda3dc291d9d	 0.53%	 29.41MiB / 200MiB
[2J[Hcda3dc291d9d	 0.53%	 29.41MiB / 200MiB
[2J[Hcda3dc291d9d	 0.64%	 29.41MiB / 200MiB
[2J[Hcda3dc291d9d	 0.64%	 29.41MiB / 200MiB
